Stadtteile;Bevölkerung;Unter 18-Jährige; 65-Jährige und Ältere;Ausländerinnen und Ausländer;Bevölkerung mit Migrations-hintergrund;Unter 18-Jährige mit Migrations-hintergrund;Haushalte;Einpersonen-haushalte;Haushalte mit Kindern;Alleinerziehende;Bevölkerungs-dichte;Geburten;Sterbefälle;Zuzüge;Fortzüge;Wanderungssaldo;Sozial-versicherungs-pflichtig Beschäftigte (Juni 2017);Arbeitslose (Dez 2017);Jüngere Arbeitslose (Dez 2017);Ältere Arbeitslose (Dez 2017);Leistungs-empfänger/-innen nach SGB II (Dez 2017);Unter 15-Jährige in Mindestsicherung (Dez 2017);Bedarfs-gemeinschaften nach SGB II (Dez 2017);Lohn- und Einkommen-steuerpflichtige (2013);Gesamtbetrag der Einkünfte je Steuerpflichtigen in EUR (2013);Wohngebäude (2017);Wohnungen (2017);Bezugsfertige Wohnungen (2017);Wohnungen in Ein- und Zweifamilien-häusern (2017);Sozialwohnungen (Jan 2018);Sozialwohnungen mit Bindungsauslauf bis 2023;Preise für Grundstücke in EUR/m² (Jan 2018);Preise für Ein- bzw Zwei-familienhäuser in EUR/m² (Jan 2018);Preise für Eigentums-wohnungen in EUR/m² (Jan 2018);Kindergärten und Vorschulklassen (März 2018);Grundschulen (2017/2018);Schülerinnen und Schüler der Sekundarstufe I (2017/2018);Niedergelassene Ärzte (Jan 2018);Allgemeinärzte (Jan 2018);Zahnärzte (Dez 2017);Apotheken (Dez 2017);Private PKW (Jan 2018);PKW-Dichte (Jan 2018)
Hamburg-Altstadt; 2 305    ;277;256;506;990;182; 1 508    ;939;187;47; 1 773    ;46;8;344;343;1; 1 127    ;98;8;9;244;63;136; 1 952    ; 31 336    ;99; 1 346    ;2;17;189;51;.    ;.    ;5710;1;-    ;61;161;48;45;8;629;273
HafenCity; 3 627    ;756;333; 1 168    ; 1 718    ;512; 1 745    ;707;416;62; 1 495    ;68;9;903;665;238; 1 191    ;86;11;7;487;171;205; 1 255    ; 93 206    ;86; 1 478    ;182;6;8;-    ;.    ;.    ;7958;4;1;138;13;5;7;1;960;265
Neustadt; 12 719    ; 1 456    ; 1 836    ; 2 580    ; 4 670    ;732; 8 755    ; 6 042    ; 1 006    ;287; 5 623    ;152;70; 1 819    ; 1 813    ;6; 5 671    ;504;26;106;969;151;666; 7 015    ; 34 521    ;641; 7 482    ;49;67; 1 360    ;617;.    ;.    ;5081;11;1;400;173;18;76;9; 3 131    ;246
St. Pauli; 22 501    ; 2 991    ; 2 150    ; 4 880    ; 8 309    ; 1 435    ; 15 163    ; 10 462    ; 1 974    ;638; 10 034    ;239;150; 2 933    ; 2 823    ;110; 9 368    ; 1 316    ;60;220; 2 987    ;607; 1 933    ; 11 066    ; 27 977    ; 1 281    ; 12 481    ;100;169; 1 828    ;438; 1 316    ;.    ;5991;18;1;818;39;11;15;8; 4 370    ;194
St. Georg; 11 055    ; 1 108    ; 1 397    ; 2 552    ; 4 274    ;588; 7 207    ; 4 892    ;732;179; 6 065    ;116;90; 2 005    ; 1 770    ;235; 4 743    ;427;25;71;819;128;549; 5 683    ; 44 121    ;537; 6 091    ;64;56;684;260; 2 179    ;.    ;5169;8;3;299;106;36;15;7; 2 300    ;208
Hammerbrook; 3 939    ;448;133; 1 812    ; 2 470    ;379; 2 009    ; 1 314    ;201;55; 1 578    ;61;8; 1 356    ; 1 615    ;-259; 1 645    ;248;29;26;724;155;475; 1 199    ; 19 468    ;86; 1 877    ;203;6;219;-    ;860;.    ;3814;5;1;119;-    ;-    ;12;-    ;497;126
Borgfelde; 7 635    ;834;923; 2 201    ; 3 403    ;588; 4 462    ; 3 065    ;441;125; 9 290    ;72;54; 1 631    ; 1 530    ;101; 3 296    ;302;25;49;888;224;508; 3 643    ; 26 217    ;380; 4 379    ;30;43;134;34;664;.    ;3614;3;-    ;211;3;2;4;2; 1 645    ;215
Hamm; 38 716    ; 4 453    ; 5 398    ; 7 037    ; 13 792    ; 2 795    ; 26 171    ; 17 808    ; 2 871    ;888; 9 956    ;487;331; 5 488    ; 5 066    ;422; 18 895    ; 1 542    ;90;236; 3 952    ;980; 2 304    ; 21 255    ; 25 745    ; 2 314    ; 23 287    ;45;258; 1 228    ;99;397;.    ;3414;15;4; 1 168    ;25;11;28;6; 10 136    ;262
Horn; 38 569    ; 6 001    ; 6 039    ; 9 906    ; 19 729    ; 4 474    ; 22 763    ; 13 535    ; 3 596    ; 1 188    ; 6 540    ;439;417; 4 622    ; 4 587    ;35; 15 209    ; 1 885    ;137;283; 6 428    ; 1 844    ; 3 345    ; 17 772    ; 21 685    ; 2 760    ; 19 338    ;42;994; 1 637    ;101;382; 3 178    ;2789;15;5; 1 854    ;37;21;14;6; 10 075    ;261
Billstedt; 70 539    ; 13 653    ; 12 646    ; 17 768    ; 40 525    ; 10 337    ; 35 135    ; 16 421    ; 7 814    ; 2 378    ; 4 168    ;873;694; 5 825    ; 5 470    ;355; 24 312    ; 3 842    ;339;572; 14 833    ; 4 459    ; 6 906    ; 29 100    ; 23 247    ; 7 970    ; 31 632    ;46; 6 274    ; 7 450    ; 2 564    ;401; 3 089    ;2932;26;8; 4 504    ;95;45;33;8; 21 704    ;308
Billbrook; 2 097    ;650;116; 1 635    ; 1 806    ;632;628;464;68;18;333;40;10;645;743;-98;493;167;24;19; 1 000    ;387;372;403; 22 625    ;83;284;-    ;72;-    ;-    ;248;.    ;2932;1;1;217;-    ;-    ;-    ;-    ;297;142
Rothenburgsort; 9 225    ; 1 581    ; 1 344    ; 2 593    ; 5 147    ; 1 242    ; 5 275    ; 3 150    ;892;295; 1 283    ;103;101; 1 107    ; 1 033    ;74; 3 554    ;547;38;82; 1 841    ;575;912; 4 024    ; 20 473    ;523; 4 596    ;38;137;903;225;274;.    ;3937;4;1;461;5;5;5;2; 2 380    ;258
Veddel; 4 667    ;925;388; 2 106    ; 3 374    ;848; 2 510    ; 1 433    ;520;146; 1 068    ;52;15;609;583;26; 1 769    ;333;29;36; 1 118    ;334;505; 1 911    ; 15 831    ;210; 2 040    ;-    ;14;413;98;247;.    ;3937;2;1;340;3;3;3;-    ;787;169
Wilhelmsburg; 54 169    ; 11 236    ; 7 294    ; 17 593    ; 32 447    ; 8 767    ; 26 250    ; 12 879    ; 6 068    ; 1 604    ; 1 531    ;743;475; 5 229    ; 6 176    ;-947; 19 577    ; 3 399    ;282;424; 11 703    ; 3 666    ; 5 255    ; 21 384    ; 21 890    ; 4 653    ; 22 618    ;55; 3 174    ; 5 245    ;650;231; 2 810    ;3249;27;7; 3 640    ;71;39;22;9; 13 544    ;250
Kleiner Grasbrook und Steinwerder; 1 243    ;70;67;464;615;61;973;759;38;17;104;7;7;383;360;23;547;95;6;12;185;34;128;588; 13 777    ;70;735;-    ;2;-    ;-    ;.    ;.    ;3814;-    ;-    ;20;-    ;-    ;-    ;-    ;118;95
Waltershof und Finkenwerder; 11 765    ; 1 896    ; 2 316    ; 1 985    ; 3 511    ;892; 6 341    ; 3 222    ; 1 168    ;316;400;121;119;870;784;86; 4 802    ;404;26;76; 1 097    ;293;596; 5 919    ; 31 649    ; 2 299    ; 5 777    ;-    ; 1 915    ;701;176;296; 2 248    ;4514;5;2;561;7;5;7;3; 4 386    ;373
Altona-Altstadt; 29 408    ; 4 486    ; 3 783    ; 5 757    ; 11 150    ; 2 346    ; 18 059    ; 11 314    ; 2 928    ;910; 10 820    ;390;211; 3 453    ; 3 339    ;114; 12 181    ; 1 544    ;112;263; 3 611    ;816; 2 196    ; 14 861    ; 30 833    ; 1 611    ; 16 313    ;219;187; 2 320    ;605; 1 465    ;.    ;6064;27;3; 1 239    ;191;48;42;9; 6 708    ;228
Sternschanze; 8 080    ; 1 146    ;828; 1 612    ; 2 962    ;587; 5 250    ; 3 542    ;759;232; 14 732    ;97;110; 1 254    ; 1 221    ;33; 3 399    ;388;20;53;883;211;513; 4 147    ; 31 125    ;498; 4 305    ;-    ;80;456;77; 1 316    ;.    ;5302;4;1;287;39;6;4;2; 1 447    ;179
Altona-Nord; 22 946    ; 3 647    ; 2 297    ; 4 387    ; 8 365    ; 1 875    ; 13 954    ; 8 752    ; 2 299    ;651; 10 346    ;331;113; 3 371    ; 2 901    ;470; 9 761    ; 1 139    ;61;170; 2 737    ;662; 1 617    ; 11 541    ; 29 901    ; 1 159    ; 12 084    ;229;123; 1 332    ;277; 1 153    ;.    ;6064;14;2;955;34;6;6;5; 5 166    ;225
Ottensen; 35 480    ; 5 585    ; 4 891    ; 4 577    ; 9 342    ; 1 933    ; 21 616    ; 13 264    ; 3 745    ; 1 026    ; 12 693    ;457;214; 3 801    ; 3 916    ;-115; 14 942    ; 1 197    ;59;220; 2 205    ;415; 1 462    ; 18 815    ; 40 830    ; 2 399    ; 19 593    ;108;416; 1 086    ;572; 1 599    ;.    ;5512;34;4; 1 547    ;175;28;61;9; 9 646    ;272
Bahrenfeld; 31 160    ; 5 216    ; 3 988    ; 7 464    ; 11 481    ; 2 606    ; 16 912    ; 9 934    ; 2 961    ;711; 2 956    ;403;246; 4 824    ; 4 938    ;-114; 12 442    ; 1 347    ;140;203; 3 800    ;893; 2 290    ; 14 963    ; 33 565    ; 3 535    ; 14 490    ;46; 2 309    ;372;-    ;714; 4 172    ;4514;27;4; 1 420    ;39;12;23;5; 8 654    ;278
Groß Flottbek; 11 034    ; 2 203    ; 2 368    ; 1 409    ; 2 472    ;624; 5 268    ; 2 282    ; 1 291    ;180; 4 654    ;101;95; 1 232    ; 1 181    ;51; 3 210    ;117;5;29;98;13;67; 5 126    ; 85 952    ; 2 446    ; 5 254    ;17; 2 209    ;36;-    ; 1 189    ; 6 352    ;5211;7;1;711;70;13;21;4; 4 707    ;427
Othmarschen; 15 281    ; 3 132    ; 3 190    ; 1 854    ; 3 842    ; 1 119    ; 7 214    ; 3 014    ; 1 834    ;255; 2 570    ;204;139; 1 870    ; 1 629    ;241; 4 702    ;234;14;44;462;138;219; 7 056    ; 108 258    ; 2 748    ; 7 020    ;58; 2 357    ;157;-    ; 1 481    ; 7 143    ;5646;13;3;833;42;8;10;1; 6 606    ;432
Lurup; 36 257    ; 7 301    ; 6 669    ; 7 271    ; 17 291    ; 4 814    ; 17 619    ; 7 927    ; 4 140    ; 1 201    ; 5 762    ;401;402; 2 960    ; 2 835    ;125; 12 961    ; 1 727    ;172;248; 6 084    ; 1 980    ; 2 832    ; 15 733    ; 26 665    ; 5 453    ; 15 989    ;34; 5 206    ; 2 153    ;349;476; 3 425    ;3239;22;4; 2 373    ;28;14;12;6; 11 736    ;324
Osdorf; 26 422    ; 5 370    ; 5 907    ; 4 781    ; 10 647    ; 3 068    ; 13 117    ; 6 136    ; 3 009    ;870; 3 644    ;275;349; 2 623    ; 2 243    ;380; 8 358    ; 1 019    ;82;135; 3 743    ; 1 222    ; 1 765    ; 11 482    ; 43 177    ; 4 046    ; 12 584    ;157; 3 351    ; 1 224    ;682;824; 5 302    ;3621;14;4; 1 745    ;71;18;16;5; 9 099    ;344
Nienstedten; 7 307    ; 1 453    ; 1 864    ;778; 1 448    ;394; 3 545    ; 1 547    ;826;119; 1 668    ;43;109;807;682;125; 1 784    ;78;-    ;19;51;6;38; 3 286    ; 120 716    ; 1 822    ; 3 242    ;36; 1 720    ;-    ;-    ; 1 343    ; 6 967    ;5886;7;1;496;17;1;8;2; 3 681    ;504
Blankenese; 13 491    ; 2 481    ; 3 722    ; 1 118    ; 2 370    ;619; 7 002    ; 3 203    ; 1 454    ;252; 1 744    ;112;105; 1 253    ; 1 170    ;83; 3 566    ;129;12;30;159;24;112; 6 279    ; 117 139    ; 3 406    ; 6 857    ;59; 3 114    ;48;-    ; 1 670    ; 6 870    ;5908;8;3;851;112;23;24;6; 6 639    ;492
Iserbrook; 11 468    ; 2 076    ; 2 883    ;998; 2 506    ;696; 5 690    ; 2 561    ; 1 252    ;305; 4 295    ;105;147; 1 004    ;842;162; 3 891    ;261;9;60;611;160;350; 5 539    ; 39 439    ; 2 484    ; 5 698    ;15; 2 313    ;132;-    ;612; 4 265    ;3291;9;3;681;8;6;6;1; 4 664    ;407
Sülldorf; 9 542    ; 1 888    ; 1 959    ; 1 295    ; 2 313    ;592; 4 567    ; 2 123    ; 1 037    ;231; 1 663    ;85;82; 1 020    ;910;110; 3 051    ;297;27;55;776;190;448; 4 247    ; 43 584    ; 2 414    ; 4 431    ;50; 2 274    ;200;-    ;759; 5 243    ;4502;2;1;649;13;7;3;2; 3 713    ;389
Rissen; 15 327    ; 2 825    ; 4 664    ; 1 239    ; 2 753    ;812; 7 785    ; 3 533    ; 1 657    ;325;918;101;221; 1 196    ; 1 029    ;167; 4 288    ;286;12;63;603;163;336; 7 287    ; 65 855    ; 3 765    ; 7 442    ;55; 3 496    ;178;124;641; 4 475    ;3942;7;2;958;32;7;16;4; 6 741    ;440
Eimsbüttel; 57 541    ; 7 384    ; 7 254    ; 6 919    ; 13 528    ; 2 407    ; 38 707    ; 26 071    ; 5 065    ; 1 287    ; 17 839    ;838;300; 6 999    ; 7 181    ;-182; 27 126    ; 1 651    ;86;271; 2 578    ;429; 1 811    ; 32 492    ; 37 536    ; 3 259    ; 34 235    ;92;310;666;265; 1 557    ;.    ;4982;63;8; 1 827    ;290;32;57;12; 14 983    ;260
Rotherbaum; 16 744    ; 2 275    ; 2 623    ; 2 837    ; 5 064    ;847; 10 841    ; 6 998    ; 1 446    ;324; 6 121    ;173;99; 2 633    ; 2 413    ;220; 6 212    ;366;12;64;435;59;318; 8 142    ; 68 191    ; 1 200    ; 9 980    ;49;330;79;79; 3 692    ; 6 316    ;6668;16;2;631;130;19;45;8; 5 371    ;321
Harvestehude; 17 952    ; 2 775    ; 3 685    ; 2 352    ; 4 770    ;960; 10 896    ; 6 468    ; 1 718    ;343; 8 755    ;197;120; 2 227    ; 2 125    ;102; 5 776    ;382;28;73;611;105;416; 9 233    ; 111 088    ; 1 347    ; 10 036    ;1;533;75;45; 4 034    ; 8 416    ;8560;19;1;794;149;14;50;5; 6 871    ;383
Hoheluft-West; 13 337    ; 1 657    ; 1 817    ; 1 483    ; 2 850    ;463; 8 952    ; 5 928    ; 1 191    ;294; 18 536    ;176;75; 2 049    ; 1 889    ;160; 6 316    ;317;10;60;372;57;281; 7 902    ; 42 169    ;803; 8 018    ;97;108;12;-    ; 1 838    ;.    ;5624;9;1;413;32;8;11;3; 3 677    ;276
Lokstedt; 28 534    ; 4 858    ; 5 833    ; 3 979    ; 8 480    ; 2 085    ; 15 592    ; 8 460    ; 2 973    ;604; 5 828    ;320;313; 3 187    ; 3 081    ;106; 11 033    ;750;67;134; 2 032    ;522; 1 048    ; 14 273    ; 41 778    ; 3 194    ; 14 888    ;121; 2 137    ;193;53;734; 4 523    ;4403;22;4; 1 332    ;61;18;17;7; 9 513    ;333
Niendorf; 41 670    ; 6 558    ; 10 857    ; 4 289    ; 9 293    ; 2 313    ; 21 810    ; 10 412    ; 4 022    ;821; 3 356    ;359;474; 3 947    ; 4 096    ;-149; 15 119    ;734;52;175; 1 505    ;346;918; 20 811    ; 41 651    ; 8 523    ; 20 814    ;90; 7 356    ;760;573;539; 3 842    ;3146;19;5; 1 996    ;94;27;37;8; 17 484    ;420
Schnelsen; 29 578    ; 5 526    ; 5 902    ; 4 140    ; 9 418    ; 2 634    ; 14 157    ; 6 159    ; 3 237    ;798; 3 305    ;294;298; 3 416    ; 3 247    ;169; 11 015    ;882;80;170; 2 736    ;850; 1 317    ; 13 530    ; 37 866    ; 5 831    ; 13 409    ;121; 5 320    ; 1 674    ;85;489; 3 696    ;3026;25;4; 1 734    ;51;17;28;6; 12 023    ;406
Eidelstedt; 32 601    ; 5 334    ; 7 197    ; 5 339    ; 11 656    ; 2 958    ; 17 329    ; 8 533    ; 3 275    ;822; 3 738    ;343;392; 2 946    ; 2 701    ;245; 12 328    ; 1 159    ;117;186; 3 403    ;960; 1 757    ; 15 376    ; 30 938    ; 5 094    ; 15 913    ;141; 4 393    ; 1 307    ;140;455; 3 310    ;2939;10;5; 1 609    ;53;16;20;5; 11 474    ;352
Stellingen; 25 753    ; 3 565    ; 4 868    ; 4 649    ; 8 636    ; 1 733    ; 14 618    ; 8 400    ; 2 229    ;517; 4 229    ;294;243; 3 935    ; 3 913    ;22; 10 633    ;852;61;139; 1 958    ;405; 1 259    ; 12 277    ; 32 600    ; 2 783    ; 13 815    ;107; 1 688    ;197;89;491; 4 042    ;3857;11;3;901;37;13;8;3; 8 123    ;315
Hoheluft-Ost; 9 624    ; 1 292    ; 1 489    ; 1 011    ; 2 140    ;378; 6 261    ; 3 940    ;887;216; 17 018    ;132;53; 1 219    ; 1 276    ;-57; 4 243    ;212;7;53;304;39;238; 5 182    ; 52 006    ;633; 6 004    ;-    ;93;106;-    ; 2 243    ;.    ;5624;6;-    ;314;190;48;20;4; 3 101    ;322
Eppendorf; 24 718    ; 3 392    ; 4 563    ; 2 395    ; 5 078    ;972; 15 336    ; 9 491    ; 2 224    ;473; 9 260    ;327;228; 3 423    ; 3 227    ;196; 10 444    ;448;24;97;538;66;407; 13 210    ; 58 438    ; 1 631    ; 14 152    ;26;374;625;103; 2 522    ; 6 589    ;5688;14;3;880;161;28;45;11; 7 925    ;321
Groß Borstel; 8 499    ; 1 387    ; 1 796    ; 1 312    ; 2 288    ;510; 4 736    ; 2 666    ;772;188; 2 132    ;71;84; 1 291    ; 1 242    ;49; 3 081    ;251;14;60;603;119;399; 4 064    ; 42 631    ; 1 752    ; 4 443    ;3; 1 577    ;177;46;553; 4 187    ;3622;8;2;448;5;4;7;2; 3 171    ;373
Alsterdorf; 15 031    ; 2 484    ; 2 837    ; 2 026    ; 4 094    ; 1 036    ; 8 109    ; 4 352    ; 1 479    ;359; 4 764    ;168;157; 2 100    ; 1 524    ;576; 5 421    ;390;32;67; 1 109    ;332;539; 6 302    ; 52 426    ; 1 995    ; 7 728    ;125; 1 312    ;588;143;886; 6 451    ;4486;11;2;715;38;9;10;4; 5 209    ;347
Winterhude; 55 651    ; 6 973    ; 8 101    ; 6 847    ; 13 449    ; 2 463    ; 35 750    ; 23 261    ; 4 691    ; 1 059    ; 7 338    ;777;340; 7 560    ; 7 224    ;336; 25 894    ; 1 356    ;95;259; 2 372    ;418; 1 610    ; 29 898    ; 51 627    ; 3 651    ; 32 860    ;256;725;552;82; 2 855    ; 7 014    ;5780;42;5; 1 642    ;230;39;78;14; 17 559    ;316
Uhlenhorst; 18 017    ; 2 274    ; 3 489    ; 1 940    ; 4 370    ;831; 11 448    ; 7 137    ; 1 554    ;307; 8 262    ;235;173; 2 504    ; 2 150    ;354; 7 548    ;340;9;65;425;56;317; 9 924    ; 62 479    ; 1 209    ; 10 729    ;79;243;179;-    ; 3 190    ;.    ;6530;10;1;528;91;23;19;4; 6 311    ;350
Hohenfelde; 10 030    ; 1 221    ; 1 586    ; 1 962    ; 3 685    ;737; 6 349    ; 4 187    ;711;151; 8 686    ;148;125; 1 739    ; 1 646    ;93; 4 282    ;325;26;47;818;223;440; 5 111    ; 39 541    ;694; 5 768    ;8;151;89;-    ; 1 588    ;.    ;4629;3;-    ;282;36;10;14;3; 2 702    ;269
Barmbek-Süd; 35 218    ; 3 703    ; 4 992    ; 4 721    ; 9 518    ; 1 691    ; 24 039    ; 16 571    ; 2 560    ;736; 11 391    ;413;323; 5 109    ; 4 893    ;216; 17 672    ; 1 211    ;71;210; 2 393    ;457; 1 578    ; 19 291    ; 32 679    ; 2 110    ; 22 141    ;121;119;721;6;877;.    ;4504;26;3;893;54;22;26;7; 9 992    ;284
Dulsberg; 17 442    ; 2 169    ; 2 204    ; 3 767    ; 7 478    ; 1 550    ; 12 004    ; 8 522    ; 1 354    ;584; 14 229    ;172;138; 2 344    ; 2 295    ;49; 8 160    ; 1 137    ;78;191; 3 026    ;745; 1 766    ; 8 895    ; 21 239    ; 1 074    ; 10 743    ;-    ;39; 1 077    ;573;799;.    ;3057;8;-    ;700;24;7;7;3; 3 870    ;222
Barmbek-Nord; 41 892    ; 4 304    ; 5 491    ; 5 558    ; 11 292    ; 2 010    ; 29 252    ; 20 637    ; 2 958    ;808; 10 878    ;511;404; 5 767    ; 5 553    ;214; 21 726    ; 1 643    ;112;304; 3 463    ;631; 2 371    ; 23 386    ; 28 330    ; 2 682    ; 26 708    ;83;278; 1 032    ;174;840;.    ;3820;13;2;998;97;28;37;13; 11 164    ;266
Ohlsdorf; 16 471    ; 2 739    ; 2 689    ; 1 996    ; 3 999    ;987; 9 289    ; 5 191    ; 1 675    ;354; 2 300    ;188;151; 2 285    ; 1 780    ;505; 6 740    ;463;34;84; 1 179    ;317;680; 9 124    ; 39 049    ; 2 373    ; 8 315    ;133; 1 678    ;335;-    ;696; 4 119    ;3873;11;1;792;13;7;7;3; 5 561    ;338
Fuhlsbüttel; 12 701    ; 1 975    ; 2 530    ; 1 606    ; 2 948    ;669; 7 162    ; 3 903    ; 1 233    ;291; 1 634    ;136;105; 1 540    ; 1 487    ;53; 5 173    ;324;23;64;919;227;535; 6 490    ; 39 526    ; 2 060    ; 6 748    ;12; 1 513    ;169;29;590; 4 012    ;3301;7;2;594;24;5;15;4; 4 751    ;374
Langenhorn; 45 888    ; 8 019    ; 8 882    ; 7 017    ; 14 308    ; 3 649    ; 23 379    ; 11 303    ; 4 735    ; 1 212    ; 3 433    ;576;479; 5 158    ; 4 986    ;172; 17 339    ; 1 597    ;165;307; 4 917    ; 1 429    ; 2 499    ; 20 892    ; 30 965    ; 9 310    ; 21 569    ;335; 8 409    ; 1 833    ;289;356; 2 964    ;3319;25;6; 2 401    ;89;22;20;8; 16 637    ;363
Eilbek; 21 964    ; 2 551    ; 3 350    ; 3 342    ; 6 851    ; 1 373    ; 14 479    ; 9 507    ; 1 688    ;413; 12 541    ;291;171; 3 318    ; 2 958    ;360; 10 675    ;736;51;137; 1 630    ;402;939; 12 199    ; 32 559    ; 1 552    ; 13 289    ;81;199;436;86; 1 000    ;.    ;3976;13;3;634;35;12;24;3; 6 268    ;285
Wandsbek; 35 768    ; 4 743    ; 6 550    ; 6 486    ; 12 723    ; 2 885    ; 21 540    ; 13 198    ; 2 774    ;702; 6 018    ;441;332; 5 628    ; 4 535    ; 1 093    ; 15 650    ; 1 217    ;100;212; 3 896    ; 1 119    ; 2 033    ; 17 913    ; 28 567    ; 3 917    ; 19 962    ;62; 2 265    ;901;128;491; 3 715    ;3309;15;5; 1 271    ;63;27;43;9; 11 502    ;322
Marienthal; 13 310    ; 2 010    ; 2 788    ; 1 490    ; 3 524    ;827; 7 114    ; 3 717    ; 1 249    ;234; 4 142    ;146;192; 1 982    ; 1 900    ;82; 5 080    ;410;59;52;567;128;341; 6 621    ; 59 131    ; 2 146    ; 6 605    ;28; 1 582    ;25;1;744; 5 353    ;3618;9;1;553;73;16;14;4; 5 332    ;401
Jenfeld; 26 238    ; 5 146    ; 4 702    ; 6 529    ; 14 940    ; 3 934    ; 12 818    ; 6 180    ; 2 800    ;823; 5 257    ;312;303; 3 483    ; 2 851    ;632; 8 450    ; 1 371    ;130;260; 5 879    ; 1 806    ; 2 708    ; 10 163    ; 23 975    ; 2 669    ; 11 053    ;161; 2 094    ; 1 596    ;443;428; 3 080    ;2859;16;4; 1 669    ;35;15;19;5; 7 589    ;289
Tonndorf; 14 812    ; 2 595    ; 2 694    ; 2 399    ; 5 785    ; 1 526    ; 8 071    ; 4 180    ; 1 592    ;373; 3 758    ;178;143; 1 590    ; 1 536    ;54; 5 930    ;557;50;110; 1 610    ;472;848; 7 211    ; 32 210    ; 2 311    ; 7 430    ;18; 1 778    ;817;74;444; 3 245    ;3100;5;1;763;22;7;10;3; 5 555    ;375
Farmsen-Berne; 34 752    ; 6 090    ; 6 927    ; 4 148    ; 10 704    ; 2 839    ; 17 852    ; 8 517    ; 3 748    ; 1 010    ; 4 224    ;338;392; 3 067    ; 2 824    ;243; 13 762    ; 1 045    ;87;205; 3 618    ; 1 141    ; 1 743    ; 16 784    ; 31 603    ; 6 461    ; 16 881    ;177; 5 733    ; 1 144    ;70;477; 3 281    ;2985;21;6; 1 935    ;41;16;16;5; 13 255    ;381
Bramfeld; 52 342    ; 7 695    ; 11 263    ; 6 333    ; 15 227    ; 3 527    ; 30 001    ; 16 054    ; 4 942    ; 1 440    ; 5 200    ;519;546; 4 833    ; 4 352    ;481; 21 161    ; 1 774    ;175;349; 5 311    ; 1 382    ; 3 019    ; 25 974    ; 30 928    ; 9 075    ; 27 970    ;222; 7 565    ; 1 913    ;385;479; 3 337    ;3200;24;5; 2 311    ;71;31;39;10; 20 565    ;393
Steilshoop; 19 662    ; 3 855    ; 3 884    ; 4 589    ; 10 109    ; 2 782    ; 9 765    ; 4 534    ; 2 189    ;700; 7 870    ;245;160; 1 727    ; 1 528    ;199; 6 546    ; 1 110    ;110;179; 4 669    ; 1 512    ; 2 018    ; 8 598    ; 22 730    ;957; 8 851    ;85;335; 2 891    ;492;441; 3 112    ;2635;12;2; 1 288    ;9;7;8;3; 5 692    ;289
Wellingsbüttel; 10 570    ; 1 940    ; 2 976    ;639; 1 822    ;496; 5 168    ; 2 119    ; 1 152    ;153; 2 587    ;107;143; 1 000    ;875;125; 3 105    ;119;4;32;155;33;103; 5 156    ; 88 606    ; 2 873    ; 5 108    ;43; 2 703    ;22;22;856; 5 196    ;4037;6;1;633;25;7;12;2; 5 269    ;498
Sasel; 23 647    ; 4 513    ; 6 068    ; 1 345    ; 3 880    ; 1 132    ; 11 176    ; 4 102    ; 2 689    ;364; 2 828    ;191;199; 1 642    ; 1 497    ;145; 7 583    ;293;15;69;386;82;229; 10 933    ; 61 360    ; 7 456    ; 10 895    ;106; 7 542    ;36;-    ;560; 3 762    ;3209;12;3; 1 556    ;33;9;12;2; 11 989    ;507
Poppenbüttel; 23 280    ; 3 752    ; 7 698    ; 1 691    ; 4 866    ; 1 332    ; 11 122    ; 4 533    ; 2 263    ;374; 2 872    ;173;514; 2 105    ; 1 386    ;719; 6 953    ;297;16;72;702;198;368; 11 517    ; 52 157    ; 6 182    ; 10 648    ;103; 6 075    ;404;172;525; 3 625    ;3423;10;3; 1 203    ;121;27;44;9; 10 644    ;457
Hummelsbüttel; 17 871    ; 3 129    ; 4 467    ; 2 621    ; 6 268    ; 1 584    ; 8 717    ; 3 717    ; 1 856    ;493; 1 967    ;162;184; 1 885    ; 1 640    ;245; 6 051    ;542;52;106; 1 899    ;532;936; 7 872    ; 38 135    ; 2 780    ; 8 201    ;107; 2 239    ; 1 602    ;671;613; 3 829    ;3332;10;1; 1 026    ;13;8;12;2; 7 196    ;403
Lemsahl-Mellingstedt; 6 980    ; 1 354    ; 1 386    ;636; 1 318    ;371; 2 930    ;863;768;105;872;70;43; 1 020    ;972;48; 2 172    ;73;6;16;135;40;67; 3 126    ; 75 191    ; 2 359    ; 2 772    ;20; 2 484    ;29;29;490; 3 799    ;3444;5;1;426;3;2;1;1; 3 872    ;555
Duvenstedt; 6 221    ; 1 364    ; 1 186    ;469;985;363; 2 623    ;798;770;146;917;53;49;412;442;-30; 2 064    ;79;7;19;262;104;83; 2 738    ; 65 694    ; 1 788    ; 2 528    ;15; 1 832    ;82;-    ;467; 4 167    ;3091;2;1;537;13;5;7;3; 3 193    ;513
Wohldorf-Ohlstedt; 4 585    ;963;970;215;623;204; 2 034    ;628;560;79;265;39;41;345;385;-40; 1 314    ;46;3;12;80;25;41; 2 066    ; 94 234    ; 1 525    ; 1 967    ;45; 1 569    ;-    ;-    ;520; 4 211    ;3689;4;1;351;-    ;-    ;4;1; 2 491    ;543
Bergstedt; 10 836    ; 2 351    ; 2 288    ;969; 1 924    ;653; 4 823    ; 1 849    ; 1 282    ;210; 1 539    ;84;84;943;857;86; 3 501    ;210;25;48;660;221;291; 4 836    ; 51 374    ; 2 850    ; 4 580    ;22; 2 801    ;187;-    ;483; 3 659    ;3239;9;1;757;7;5;5;2; 4 823    ;445
Volksdorf; 20 694    ; 4 182    ; 5 450    ; 1 387    ; 3 383    ; 1 039    ; 9 495    ; 3 578    ; 2 385    ;505; 1 788    ;142;250; 1 628    ; 1 459    ;169; 6 033    ;270;14;59;692;205;355; 9 494    ; 63 763    ; 5 529    ; 9 054    ;47; 5 304    ;668;330;658; 4 322    ;3881;13;4; 1 529    ;87;26;29;5; 9 297    ;449
Rahlstedt; 91 703    ; 16 000    ; 20 428    ; 12 373    ; 29 971    ; 7 797    ; 46 884    ; 21 693    ; 9 542    ; 2 608    ; 3 452    ;939; 1 020    ; 10 440    ; 9 275    ; 1 165    ; 33 466    ; 2 789    ;296;508; 9 515    ; 2 919    ; 4 661    ; 42 075    ; 33 419    ; 15 319    ; 44 157    ;294; 12 600    ; 3 435    ;609;453; 3 441    ;2990;37;12; 5 089    ;153;56;63;15; 35 925    ;392
Lohbrügge; 39 168    ; 6 105    ; 9 323    ; 4 699    ; 15 225    ; 3 467    ; 20 803    ; 10 108    ; 3 794    ; 1 082    ; 3 003    ;325;461; 2 984    ; 3 256    ;-272; 15 308    ; 1 248    ;56;240; 3 882    ; 1 026    ; 2 082    ; 18 234    ; 29 127    ; 5 727    ; 20 082    ;43; 4 445    ; 1 567    ;889;390; 3 000    ;2821;14;4; 1 982    ;48;18;28;7; 14 506    ;370
Bergedorf; 35 669    ; 6 188    ; 7 147    ; 5 325    ; 11 660    ; 2 859    ; 18 117    ; 8 857    ; 3 534    ;956; 3 443    ;382;390; 4 712    ; 4 130    ;582; 13 383    ; 1 225    ;66;187; 3 828    ; 1 084    ; 2 041    ; 15 979    ; 35 049    ; 5 155    ; 16 993    ;179; 4 037    ;716;167;420; 3 169    ;2963;23;7; 1 961    ;150;39;48;11; 12 161    ;341
Curslack; 3 964    ;833;603;702; 1 046    ;349; 1 577    ;544;397;77;375;47;32;590;586;4; 1 502    ;126;9;20;460;171;193; 1 711    ; 41 512    ;954; 1 479    ;26;982;9;4;266;.    ;4037;1;1;256;8;5;-    ;1; 1 812    ;457
Altengamme; 2 246    ;418;439;92;209;64; 1 017    ;337;250;51;144;19;30;164;140;24;888;33;-    ;5;68;22;36; 1 060    ; 47 341    ;643;909;1;698;4;-    ;230; 2 183    ;3209;1;1;137;1;1;-    ;-    ; 1 270    ;565
Neuengamme; 3 705    ;647;766;180;372;105; 1 686    ;576;402;63;199;38;36;295;271;24; 1 495    ;58;3;12;126;40;57; 1 791    ; 40 936    ; 1 051    ; 1 535    ;18; 1 135    ;20;-    ;256; 2 309    ;3423;2;-    ;214;1;1;3;1; 2 032    ;548
Kirchwerder; 9 910    ; 1 712    ; 1 978    ;684; 1 213    ;309; 4 600    ; 1 592    ; 1 073    ;198;307;94;82;892;849;43; 4 114    ;139;15;32;327;99;162; 4 668    ; 39 284    ; 2 810    ; 4 169    ;62; 3 064    ;26;8;243; 2 522    ;3332;7;2;587;6;6;3;2; 5 415    ;546
Ochsenwerder; 2 628    ;454;502;211;391;106; 1 274    ;483;290;50;186;24;21;298;205;93; 1 088    ;45;-    ;9;70;14;41; 1 265    ; 38 634    ;721; 1 111    ;30;756;21;-    ;235; 3 233    ;3444;2;1;150;2;2;-    ;-    ; 1 536    ;584
Reitbrook;506;60;128;41;65;8;263;123;42;4;73;2;9;35;44;-9;202;4;-    ;-    ;7;3;3;242; 37 041    ;147;231;-    ;151;-    ;-    ;223;.    ;3091;-    ;-    ;16;-    ;-    ;2;-    ;283;559
Allermöhe; 1 361    ;206;274;148;297;64;668;267;124;24;158;10;16;195;177;18;566;21;3;6;17;4;12;696; 38 369    ;455;594;5;502;-    ;-    ;226; 2 751    ;3128;2;-    ;77;-    ;-    ;2;-    ;762;560
Billwerder; 3 784    ; 1 170    ;318; 2 651    ; 2 716    ; 1 000    ; 1 312    ;374;499;77;400;70;18; 2 562    ;380; 2 182    ;461;25;3;4; 1 870    ;688;661;643; 30 575    ;383;560;1;406;780;-    ;239;.    ;3319;3;1;213;-    ;-    ;-    ;-    ;569;150
Moorfleet; 1 254    ;210;196;199;327;65;605;275;113;18;287;10;9;164;181;-17;479;45;-    ;13;83;18;51;565; 34 387    ;332;446;1;357;-    ;-    ;218;.    ;3976;-    ;-    ;69;-    ;-    ;-    ;-    ;643;513
Tatenberg;558;101;108;34;65;13;251;88;63;7;182;1;5;28;28;-    ;245;10;-    ;-    ;7;-    ;5;260; 42 598    ;168;227;2;191;-    ;-    ;240;.    ;3309;-    ;-    ;39;-    ;-    ;-    ;-    ;300;538
Spadenland;514;76;116;16;35;7;246;91;46;10;150;3;2;42;35;7;200;7;-    ;5;9;-    ;7;261; 35 255    ;115;212;4;118;-    ;-    ;240;.    ;3618;-    ;-    ;28;-    ;-    ;-    ;-    ;300;584
Neuallermöhe; 23 844    ; 5 517    ; 2 063    ; 4 047    ; 15 363    ; 4 326    ; 9 594    ; 2 889    ; 3 170    ;856; 5 671    ;295;70; 1 683    ; 1 775    ;-92; 9 854    ; 1 022    ;59;136; 4 021    ; 1 356    ; 1 641    ; 9 440    ; 28 633    ; 3 192    ; 9 227    ;158; 2 503    ; 5 019    ;886;288;.    ;2859;7;3; 1 902    ;16;10;9;2; 7 795    ;327
Harburg; 25 860    ; 4 081    ; 2 807    ; 10 238    ; 15 255    ; 3 306    ; 14 607    ; 8 986    ; 2 294    ;694; 6 480    ;377;162; 5 108    ; 5 561    ;-453; 9 910    ; 1 417    ;121;191; 4 689    ; 1 374    ; 2 356    ; 9 499    ; 20 773    ; 1 586    ; 12 799    ;164;284; 1 171    ;239;286; 3 075    ;3265;16;-    ; 1 104    ;178;34;62;12; 4 850    ;188
Neuland und Gut Moor; 1 723    ;408;256;507;718;252;730;296;176;30;171;17;13;239;220;19;586;52;7;8;278;113;91;693; 32 295    ;431;567;1;468;-    ;-    ;484;.    ;3689;-    ;1;135;-    ;-    ;-    ;-    ;706;410
Wilstorf; 17 437    ; 3 059    ; 3 354    ; 4 121    ; 7 740    ; 2 079    ; 9 455    ; 5 003    ; 1 802    ;484; 5 094    ;232;236; 2 013    ; 1 723    ;290; 6 702    ;693;56;110; 2 426    ;772; 1 139    ; 7 823    ; 25 518    ; 2 049    ; 8 689    ;196; 1 452    ;886;515;324; 2 668    ;3072;11;1;837;23;12;5;2; 5 494    ;315
Rönneburg; 3 233    ;612;582;468; 1 040    ;296; 1 519    ;579;366;72; 1 438    ;19;22;291;256;35; 1 271    ;62;7;11;207;71;96; 1 443    ; 38 848    ;776; 1 392    ;3;757;153;147;303;.    ;2405;1;1;208;-    ;-    ;-    ;-    ; 1 435    ;444
Langenbek; 4 037    ;625;924;426; 1 282    ;286; 2 008    ;766;405;108; 5 087    ;32;31;329;293;36; 1 590    ;103;10;26;237;64;127; 1 924    ; 34 231    ; 1 195    ; 1 875    ;12; 1 129    ;352;260;287; 2 704    ;2107;1;-    ;200;-    ;-    ;-    ;1; 1 777    ;440
Sinstorf; 4 102    ;980;648; 1 011    ; 1 768    ;656; 1 761    ;669;472;92; 1 630    ;55;34;878;421;457; 1 387    ;141;19;17;633;237;267; 1 667    ; 33 328    ;880; 1 549    ;85;913;104;-    ;263; 2 708    ;3054;2;1;254;10;3;3;-    ; 1 521    ;371
Marmstorf; 8 863    ; 1 356    ; 2 555    ;972; 2 392    ;581; 4 620    ; 1 981    ;850;180; 1 517    ;66;98;760;692;68; 3 072    ;165;13;37;444;124;225; 4 505    ; 36 313    ; 2 227    ; 4 273    ;2; 2 126    ;110;-    ;325; 2 624    ;2480;3;1;463;7;5;5;2; 3 843    ;434
Eißendorf; 24 540    ; 4 158    ; 5 026    ; 4 321    ; 9 431    ; 2 392    ; 13 064    ; 6 523    ; 2 500    ;641; 2 943    ;275;257; 2 626    ; 2 367    ;259; 9 057    ;844;62;137; 2 607    ;781; 1 293    ; 11 549    ; 32 988    ; 4 296    ; 12 119    ;78; 3 657    ;674;264;348; 2 761    ;2700;8;3; 1 288    ;14;9;8;1; 8 886    ;362
Heimfeld; 22 082    ; 3 810    ; 3 438    ; 5 343    ; 9 851    ; 2 382    ; 12 171    ; 6 785    ; 2 274    ;590; 1 698    ;272;232; 3 103    ; 2 905    ;198; 8 858    ;882;80;116; 2 724    ;784; 1 416    ; 9 595    ; 30 132    ; 2 485    ; 10 567    ;16; 1 539    ; 1 577    ;107;310; 2 698    ;2842;8;2; 1 156    ;27;9;12;3; 6 308    ;286
Moorburg und Altenwerder;746;155;103;68;127;27;386;187;86;27;45;6;7;77;77;-    ;294;21;3;3;63;23;29;361; 34 544    ;226;328;-    ;242;-    ;-    ;229;.    ;4037;1;-    ;47;-    ;-    ;-    ;-    ;373;500
Hausbruch; 16 979    ; 3 212    ; 3 393    ; 2 553    ; 9 051    ; 2 254    ; 7 688    ; 2 876    ; 1 856    ;448; 1 726    ;158;169; 1 237    ; 1 071    ;166; 6 244    ;671;52;131; 2 499    ;756; 1 106    ; 7 349    ; 31 023    ; 2 963    ; 7 199    ;26; 2 701    ; 1 148    ;146;239; 2 722    ;2325;9;1; 1 176    ;16;4;11;2; 6 101    ;359
Neugraben-Fischbek; 29 877    ; 5 884    ; 6 084    ; 5 146    ; 13 747    ; 3 776    ; 13 899    ; 5 510    ; 3 285    ;776; 1 326    ;357;303; 3 268    ; 2 492    ;776; 10 249    ; 1 173    ;106;204; 4 383    ; 1 263    ; 2 114    ; 12 290    ; 31 101    ; 5 757    ; 12 661    ;189; 5 290    ;868;312;263; 2 561    ;2665;14;4; 1 832    ;38;15;20;5; 10 507    ;352
Francop;709;108;127;77;111;12;346;134;68;16;80;3;2;95;56;39;291;8;-    ;-    ;26;6;12;356; 35 782    ;203;341;12;249;-    ;-    ;229;.    ;3309;-    ;-    ;36;1;-    ;-    ;-    ;374;528
Neuenfelde; 4 861    ; 1 026    ;731; 1 495    ; 2 358    ;662; 2 183    ;947;508;107;310;50;27;548;661;-113; 1 714    ;217;21;24;723;254;321; 1 909    ; 32 879    ; 1 037    ; 1 945    ;4; 1 181    ;291;-    ;224; 2 107    ;3618;3;1;348;1;1;3;1; 1 918    ;395
Cranz;840;119;150;228;332;66;500;285;73;18;630;11;9;168;155;13;344;34;3;3;87;22;50;378; 31 335    ;166;398;-    ;143;-    ;-    ;231;.    ;2859;1;1;37;2;2;-    ;-    ;354;421
